keyword,count
CIO,99
Chief information officer,82
Chief Information Officer,57
Information technology,38
IT leadership,37
Leadership,36
IT governance,30
Chief information officer (CIO),23
chief information officer,22
IT Leadership,19
Cloud computing,19
Digital transformation,18
digital transformation,18
Information systems,18
Chief Information Officer (CIO),16
IT management,16
Chief information officers,14
Innovation,14
Firm performance,13
ERP,11
Higher education,11
Project management,11
CIOs,10
information technology,10
Governance,10
Survey,10
Outsourcing,10
Information management,10
Enterprise Architecture,9
IT,9
Technology,9
Public sector,9
Business intelligence,9
IT strategy,8
Cybersecurity,8
CEO,8
Critical success factors,7
Digital Transformation,7
Top management team,7
Alignment,7
Digital innovation,7
Strategy,7
Business strategy,7
CFO,7
Knowledge management,7
Compliance,6
top management team,6
Chief Information Officers,6
IT Governance,6
Organizational culture,6
Competencies,6
South Africa,6
IT investment,6
Green IT,6
SMEs,6
Resource-based view,6
Transformational leadership,6
Security,6
Management,6
Skills,6
IS leadership,6
Culture,5
Adoption,5
Roles,5
leadership,5
higher education,5
Organizational performance,5
Big data,5
CDO,5
firm performance,5
Big data analytics,5
Ambidexterity,5
Chief Digital Officer,5
Strategic alignment,5
Enterprise architecture,5
Sustainability,5
E-government,5
Collaboration,5
E-Government,5
Structural equation modeling,5
Maturity,5
Information systems planning,5
CIO roles,4
Professional development,4
Top management teams,4
Interoperability,4
Information Technology,4
Knowledge Management,4
Dynamic capabilities,4
IoT adoption,4
IoT,4
government,4
Environmental uncertainty,4
fsQCA,4
Social media,4
social capital,4
Implementation,4
ICT,4
Big Data,4
software,4
IT capabilities,4
Agency Theory,4
IT leaders,4
Green IS,4
cloud computing,4
Chief digital officer,4
PLS,4
outsourcing,4
Perceptions,4
Effectiveness,4
IS strategy,4
Case study,4
Competitive advantage,4
Business process reengineering,4
Change management,4
Web 2.0,4
IS management,4
Upper Echelons Theory,3
Capability,3
CISO,3
IT expertise,3
IT governance (ITG),3
challenges,3
DevOps,3
Upper echelons theory,3
project management,3
Transaction costs,3
Expectations,3
Information technology investment,3
Training,3
IT business value,3
IT-business alignment,3
Influence,3
Organization,3
Ontario,3
public sector,3
Absorptive capacity,3
Business value,3
Industry 4.0,3
Information Technology (IT),3
IT innovation,3
CTO,3
Information governance,3
Public administration,3
Chief marketing officer,3
Risk assessment,3
Information security breach,3
Academic libraries,3
Information technology adoption,3
CIO compensation,3
Internal control,3
literature review,3
GCIO,3
e-Government,3
IT personnel,3
IT Strategy,3
Digital capability,3
IT capability,3
Challenges,3
CIO background,3
strategic alignment,3
Local government,3
CMO,3
IT Business Value,3
Barriers,3
Change,3
Information value,3
Information Security,3
event study,3
Privacy,3
Trust,3
attention-based view,3
Data management,3
CIO turnover,3
IT Management,3
Communication,3
IT investments,3
Business and IT alignment,3
CIO profile,3
Open source,3
IS,3
Municipalities,3
Business process re-engineering,3
Shared understanding,3
Autonomy,3
IS planning,3
IS education,3
Strategic information systems planning,3
Strategic planning,3
IS capabilities,3
Communication technologies,3
Private sector,3
Enterprise 2.0,3
Executive leadership,3
CRM,3
CIO success,3
Management of IT,3
Theory Y,3
information systems,3
Information officers,3
Knowledge,3
Competences,3
Electronic commerce,3
Strategic management,3
Leadership roles,3
Organizational agility,2
power,2
IT Exploitation,2
IT Exploration,2
CIO tenure,2
Dynamic Capabilities,2
Knowledge management enablers,2
artificial intelligence,2
information security,2
risk management,2
Technology leadership,2
CDOs,2
Digital Strategy,2
It governance,2
Longitudinal study,2
Empirical study,2
Upper echelon theory,2
System quality,2
Top management,2
Digital Government,2
Agile,2
Cyberattack,2
Board of directors,2
Artificial intelligence,2
Competitive Advantage,2
Decision making,2
Business transformation,2
Innovation adoption,2
CIO’s role,2
Chief data officer (CDO),2
Data quality,2
China,2
E-governance,2
Experience,2
Potential performance,2
IT value,2
Risk management,2
chief information officers,2
IT security,2
Cloud,2
SaaS,2
RFID,2
Technology adoption,2
enterprise architecture,2
Followers,2
Responsibility,2
Research,2
Information and Communications Technology (ICT),2
chief information officer (CIO),2
Hospital,2
Software development,2
big data,2
Decision-making,2
Blockchain,2
Chief executive officer,2
Artificial Intelligence,2
Local Government,2
Group decision-making,2
CEO characteristics,2
corporate governance,2
IR4.0 adoption,2
IOWN APN,2
system development,2
Information security risk management,2
Information literacy,2
IT services,2
Management training,2
IT professionals,2
Chief information officer role,2
Hierarchical models,2
Partial Least Squares (PLS),2
Psychometric properties,2
Open source software,2
Higher Education,2
Internet of Things,2
Agency theory,2
IS Leadership,2
Strategic Management,2
Top Management,2
Information technology (IT),2
Survival,2
chief digital officer,2
E-Service Quality,2
Career Progression,2
Fortune 500,2
LinkedIn,2
Executive compensation,2
Disruptive technologies,2
Information Technology Strategic Planning,2
Remote Collaboration,2
State Chief Information Officers,2
board of directors,2
Board of Directors,2
Enterprise resource planning,2
ERP success,2
Organizational impact,2
Intention to stay,2
Role of IT,2
Chief information office,2
CIO reporting structure,2
IT risk management,2
Scale development,2
Digital literacy,2
IT strategic alignment,2
Organizational structure,2
Activities,2
competence,2
framework,2
profile,2
Enterprise systems,2
Ethics,2
Digitalisation,2
Workplace,2
Architecture,2
Decision Making,2
Digital Business,2
Disruptive Technologies,2
information technology management,2
Expectation disconfirmation theory,2
Outsourcing success factors,2
Institutional theory,2
Structural Power,2
IT strategic planning,2
COVID-19,2
Pandemic,2
Digitalization,2
Cloud Computing,2
Upgrade,2
Upper echelons,2
Top management team (TMT),2
Interviews,2
Human capital,2
Perception,2
government chief information officer,2
IT organization,2
Evolution,2
Information Governance,2
IT competence,2
shared understanding,2
IT knowledge,2
Best practices,2
Data,2
Internet,2
Maturity Level,2
contingency theory,2
resource-based view,2
security,2
CIO role,2
Top Management Team,2
Institutional logic,2
Innovation performance,2
Remediation,2
IT Infrastructure,2
Business Model Innovation,2
Technological innovation,2
systems integration,2
Chief Information Security Officer (CISO),2
Analytics,2
Digitization,2
Government Chief Information Officer (GCIO),2
Public value,2
Education,2
Evaluation model,2
teaching cases,2
Brazil,2
Grounded theory,2
Cryptography,2
Event Study,2
Transactional leadership,2
Proprietary software,2
Qualitative Research,2
Conceptual framework,2
CIO evolution,2
CIO transformation,2
IT executive,2
Assessment,2
Evaluation,2
Portal,2
CIO (Chief Information Officer),2
Strategic IS planning,2
IT Value,2
Records management,2
Security assurance,2
structural power,2
Software as a service,2
Data security,2
Financial services,2
Power,2
CIO gender,2
Knowledge Sharing,2
Leadership style,2
Hofstede,2
ICT Leadership,2
IT function,2
IS strategic alignment,2
Computing,2
Reach,2
Richness,2
IT project management,2
ROI,2
CSF,2
Enterprise information systems,2
Europe,2
Firm size,2
Motivations,2
IT Capability Maturity Framework,2
IT outsourcing,2
Digital leadership,2
Executive roles and responsibilities,2
Success factors,2
Maturity model,2
Cluster analysis,2
Factor analysis,2
Spain,2
Job tenure,2
Balanced scorecard approach,2
Information and communication technology,2
IT-enabled business innovation,2
Executive influence,2
Strategic management of IT,2
Data mining,2
Manufacturing industry,2
Productivity,2
Productivity paradox,2
Service industry,2
Weka,2
Procedural justice,2
Manufacturing resource planning,2
Process management,2
Action research,2
Integration,2
Chief Financial Officer (CFO),2
Content analysis,2
Business Process,2
Public policy,2
It management,2
Holistic governance,2
Websites,2
IT alignment,2
Management techniques,2
Empirical research,2
Agile engineering,2
Business componentization,2
Business services,2
Information technology services,2
Service oriented business,2
Service oriented enterprise,2
Design science,2
Design science research,2
Process improvement,2
Curriculum design and development,2
Groupware,2
Information Systems Planning,2
Structural Equation Modeling,2
CIO failures,2
Managerial styles,2
Participative management,2
Quality circles,2
Theory X,2
Theory Z,2
Government,2
IT impact,2
Behavior,2
Information systems management,2
Information Systems,2
Large companies,2
Trends,2
GCIO system,2
Government chief information officer (GCIO),2
Eco-mobility society,2
Health,2
CIO appointments,2
Complexity,2
Healthcare,2
Healthcare interoperability framework,2
Model driven architecture (MDA),2
Business analytics,2
MBA,2
Information systems leadership,2
e-government,2
IS organization of the future,2
Electronic Government,2
IT managers,2
Job design,2
Australia,2
Chain information systems (CIS),2
Information technology management,2
Information technology leaders,2
Risk Analysis,2
Corporate governance,2
Recruitment,2
Stakeholders,2
Planning effectiveness,2
Multinational firms,2
knowledge management,2
Event study,2
IT assets,2
Information resource management,2
Structural equation models,2
Survey research/design,2
Strategic information systems,2
Cross-cultural,2
Management information systems,2
Information technology strategy,2
Rankings,2
Libraries,2
CEO/CIO communication,2
Communication frequency,2
Managerial communication,2
Media richness,2
Strategic information system management,2
Corporate Operations,1
Economic Modeling,1
Enterprise Security,1
Identity and Access Management,1
Investment Prioritization,1
CIO demand-side leadership,1
Measurement and knowledge management process,1
Big Five Personality Framework,1
IT Advancement,1
Organizational Hierarchy Depth,1
Interview-based exploratory mixed-method study,1
audit fees,1
internal control quality,1
Business process architecture,1
Riva method,1
srBPA,1
corporate strategy,1
Chief data officer,1
competitiveness,1
technology,1
Digital maturity,1
Sourcing decisions,1
Leadership framework,1
Mission,1
Objectives,1
business-minded,1
chief information security officer,1
cyber security,1
information risk,1
maturity,1
Adaptation,1
Dynamic managerial capabilities,1
chief data officers,1
chief digital officers,1
Digital Leadership,1
digital technologies,1
leadership transition,1
organizational socialization,1
role theory,1
IT management flexibility,1
Anomaly,1
Cloud Security,1
Hybrid,1
Intrusion Detection System,1
Signtaure,1
Is leadership,1
EHealth,1
General user satisfaction,1
Health informatics,1
Hospital IT,1
dispersed teams,1
media richness,1
Media synchronicity,1
social presence,1
virtual teams,1
Data security breaches,1
System use,1
User satisfaction,1
Business process management,1
Cyber Data Sharing,1
Cyber Threats,1
Cyber War Gaming,1
Cybersecurity Data Analytics,1
Cybersecurity Metrics,1
Financial Systems,1
Operational Risk,1
Risk Assessment,1
Security Testing,1
Systemic Vulnerabilities,1
Berlin Declaration,1
Public Administration (PA),1
Government chief data officer,1
Government data governance,1
Institutional mode of data governance,1
Opening government data,1
barriers,1
gender bias,1
women developers,1
Fixed price,1
Offshore outsourcing,1
Onshore outsourcing,1
Price per function point,1
Price per story point,1
CEO compensation,1
disclosure delays,1
firm profitability,1
AI orientation,1
Board diversity,1
Public firms,1
Digital knowledge coupling,1
Executive digital background,1
Firm ambidextrous innovation,1
Principal,1
Teacher development,1
Teacher learning,1
Environmental Communication,1
Government Communication Leadership,1
Social Readiness,1
The Ring of Fire,1
Strategic Leadership,1
IT procurement,1
Principal Agent Theory,1
Technical Specifications,1
Organizational design,1
Industry partnerships,1
Practice-based research,1
Behavioral Intention to Use,1
IT Capabilities,1
Online Learning Mechanisms,1
Configurational methods,1
IT reporting structure,1
Qualitative comparative analysis,1
Big data analytics capabilities,1
Management accountant,1
Organizational innovation performance,1
Process-oriented dynamic capabilities,1
influence,1
IT decision making,1
knowledge,1
political skill,1
Labour Power,1
Private Property,1
Total View,1
Work Process,1
Cloud-based communicable disease surveillance,1
Social exchange,1
Firms’ performance,1
Italian firms,1
Chief digital officer (CDO),1
Chief marketing officer (CMO),1
Data governance,1
General Data Protection Regulation (GDPR),1
Marketing data,1
Marketing technology,1
corporate performance,1
green IT strategies,1
regulatory focus,1
regulatory stakeholder influence,1
sustainable development,1
Expectation confirmation theory (ECT),1
IT outsourcing success,1
Partial least squares (PLS),1
Digital technology,1
IT portfolio,1
Polynomial regression,1
Response surface analysis,1
'benefits of IoT in businesses',1
'challenges of IoT in businesses',1
'conducting Literature Review',1
'e-tailing',1
'information systems',1
'Internet of Things',1
'potential benefits of IoT in retail businesses',1
'potential challenges of IoT in retail businesses',1
'the potential use of IoT in retail businesses',1
'the use of IoT in businesses',1
keywords that were used in the search included but not limited to,1
Board Dynamics,1
Empirical Study,1
Systematic Literature Analysis,1
application programming interfaces,1
Boundary resources,1
relational view,1
executives’ trades in a firm’s stock,1
information asymmetry,1
IT newness,1
senior executive,1
decision-making,1
small and medium enterprises,1
TOE framework,1
CIO System,1
Institutional Dilemmas,1
Personal characteristics,1
Corporate governance of information technology (CGIT),1
Resource-based theory (RBV),1
customer concentration,1
executive attention orientation,1
manufacturing firms,1
resource allocation,1
cybersecurity,1
data analytics,1
IaaS,1
IIoT,1
IoS,1
PaaS,1
eReadiness,1
Indonesia,1
Hospitals,1
TOE model,1
blended learning,1
engineering education,1
interdisciplinarity,1
agility,1
information technology strategic plan,1
Definition,1
Implication of Role of IT,1
Incubate Business,1
Enterprise technology research,1
Fear of missing out,1
Flexibility,1
Future of work,1
Hybrid working,1
Organizational policy,1
Work from home,1
Changing the Role of IT,1
LAPAN,1
AI,1
business leader,1
ITG and university,1
ITG in Malaysia,1
artificial neural network,1
corporate disclosure,1
digital integration,1
digital strategy,1
information disclosure,1
organisational efficiency,1
transparency,1
Complexity theory,1
Mixed-method,1
Lutheran and Christian leaders,1
pastors and bishops,1
women bishops,1
women in leadership,1
Organizational Learning,1
Text mining,1
CIO roles and capabilities,1
Fourth Industrial Revolution (4IR),1
Information Systems (IS),1
Theoretical literature synthesis,1
Corporate operations,1
Economic modeling,1
Enterprise security,1
Identity and access management,1
Investment prioritization,1
functional IT employees,1
Application systems,1
Information Management,1
It department,1
Itil,1
Management communication,1
Online survey,1
Circular economy,1
Energy industry,1
Food industry,1
Learning organization,1
Machine to machine,1
Mechanical engineering,1
Production processes,1
Energy efficient software,1
Green software,1
Software economics,1
Software engineering,1
Software post-development issues,1
Software sustainability,1
customer experience,1
policy analysis,1
public management,1
public organizations,1
CIO hierarchical position,1
ICT literacy,1
foundational capability building blocks,1
IT/digital capability,1
IT/digital maturity,1
maturity model,1
Mathematical model,1
Multiple criteria,1
Literature Review,1
Strategic Agility,1
Strategic Change,1
Big Medical Data,1
Cyber Security,1
Data Analyzing,1
Jordan Hospitals,1
bitcoin,1
scalability,1
Big Data Governance,1
bring your own device,1
BYOD information security behavioural model,1
information security culture,1
unintended administrator,1
Chief information officer compensation,1
Topic modeling,1
Wireless and mobile strategy,1
Ransomware,1
Security breach,1
Teaching case study,1
Business value from IT,1
Information leadership,1
Structural mechanisms,1
Exploratory research,1
Technological frames,1
Citizen Participation,1
Comprehensive Plan,1
Digital Tool,1
Causes and factors of failure,1
Foreign internet firms,1
Network effect,1
Patriotic tendencies,1
Perceived globalness,1
Sustainable business model,1
Collaborative software tools,1
Mathematical models,1
Good Practices,1
IS services,1
Nearshoring,1
Offshoring,1
Organizational Concepts,1
CIO-CMO relationship,1
Executive staff,1
Leadership strategy,1
component-based structural equation modelling,1
Organisational life cycle,1
organisational life cycle measures,1
psychometric properties,1
scale validation,1
board characteristics,1
risk-taking,1
Disaster recovery planning,1
Disaster recovery simulation,1
Emerging information technology,1
Fuzzy cognitive Maps,1
What-If analysis,1
digital fitness,1
maturity models,1
Leadership Styles,1
Qualitative Analysis,1
Resource Bundling,1
IT human capital,1
structural equation modelling,1
constructivism,1
human rights,1
international history,1
International humanitarian law,1
international society,1
responsibility to protect,1
Digital technologies,1
Digital services,1
Cybersecurity leadership,1
Information technology leadership development,1
Leadership complexity,1
commitment,1
Latin America,1
Motivation to lead,1
occupational culture,1
CIO role expectations instrument,1
Configuration of CIO roles,1
Duality of CIO roles,1
Repeated indicators approach,1
University libraries,1
USA,1
Information Technologies,1
business intelligence,1
competitive advantage,1
data quality,1
enterprise resource planning systems,1
exploitation learning,1
exploration learning,1
external support,1
integrated information systems,1
management accounting systems,1
management control systems,1
organizational learning,1
senior leadership,1
Leader,1
Leadership activities,1
Bulletin Board System,1
Civic Engagement,1
Digital Inclusion,1
Puget Sound Region,1
Board monitoring,1
Information Processing Theory,1
Management Earnings Forecasts,1
Agile management,1
Awards,1
Employee recognition,1
Employee retention,1
Management morale,1
Contextual,1
Level of abstraction,1
Organisational strategy,1
AI in business,1
Business management,1
Data-driven solutions,1
IT strategies,1
integration technology barriers,1
technology integration in higher education,1
technology integration in the classroom,1
technology integration models,1
Cyberattacks,1
Frequency disclosure,1
IS executives,1
sustainability,1
IT Capability,1
IT Support,1
Online Family Business,1
CIO Turnover,1
Competitors,1
Spillover effect,1
ERP post-implementation,1
Information system,1
PLS approach,1
Mixed Methods,1
International Financial Reporting Standards,1
Regulatory reform,1
BERT,1
Cybersecurity risks,1
data breaches,1
deep learning,1
IT employee turnover,1
Continuous deployment,1
Continuous integration,1
Electronic Health Records,1
Health Information System,1
change,1
keynote,1
Micro and meso level,1
Micro-foundation theory,1
Technology absorptive capacity,1
career variety,1
digital exploration,1
role tenure,1
upper echelons perspective,1
CEO overconfidence,1
industry competitiveness,1
firm characteristics,1
intellectual capital,1
R&D investments,1
Educational programmes,1
Networks of universities,1
Anxiety about pursuing school leadership,1
Leadership self-efficacy,1
Perceived role ambiguity,1
School leadership prototypes,1
Teachers,1
Collaborative IT Governance,1
Data Governance,1
Public Sector IT,1
Workforce Development,1
Assessment Prototype,1
IT Expertise,1
CO<sub>2</sub> forecasting,1
Digital decarbonization,1
Greenhouse gas emissions,1
Net zero,1
DSR,1
e-Government reference architecture,1
e-Government theory,1
Theory of practice,1
TOGAF,1
Common platforms,1
Government as a platform,1
Government digital services,1
Platform government,1
Digital business,1
Information system success model,1
Perceived usefulness,1
Demand,1
Job fit,1
LDA,1
Machine learning,1
Supply,1
Agile Software Development,1
Experiential Learning,1
Scrum,1
Software Engineering,1
Study Away,1
Bitcoin,1
Distributed database transactions,1
Ethereum,1
Extra-functional properties,1
Hyperledger fabric,1
Information systems applications,1
Software architecture,1
Software functional properties,1
IT manager's leadership,1
Quality of work life,1
Requisite soft skills,1
Transformational and transactional behaviors,1
Extension,1
Job Tenure,1
Replication,1
Turnover,1
IT Assessment,1
IT Strategic Grid,1
MMAF IT Role,1
Information Culture,1
Information Governance effectiveness,1
Information Governance of Higher Education Institution,1
Information Governance Processes,1
Organizational Culture,1
Business intelligence systems,1
Project management maturity,1
Technology acceptance model,1
Board leadership structure,1
upper echelons theory,1
Communities of practice,1
Government Chief Information Officers,1
Guidelines,1
Cyber capability,1
Digital tools,1
Infrastructure,1
Internet access,1
Network access,1
Rural communities,1
Configuration,1
Fuzzy-Set Qualitative Comparative Analysis (fsQCA),1
IT Ambidexterity,1
Mutual Communication,1
CIO reporting relationship,1
chief information office,1
Delphi,1
Q-sort,1
Information technology and business strategy alignment,1
Organization strategy,1
Strategic transformations,1
Strategy framework,1
Customer Relationship Management,1
Decision Maker,1
Purchasing Process,1
Social Medium,1
Chief information security officer,1
IT security governance,1
Reporting structure,1
Security breaches,1
COO,1
baseline,1
role,1
colored Petri nets,1
quantitative evaluation,1
risk assessment,1
security metrics,1
service migration,1
stochastic processes,1
climate-related information disclosure,1
Common institutional ownership,1
greenwashing,1
Cloud Implementation,1
Modernization Efforts,1
Open Innovation Approach,1
Quick Wins,1
health information exchange,1
Healthcare IT leadership,1
normative guidelines for HIEs,1
Customer management,1
Role play,1
Digital strategy,1
Digital transformations,1
Adoption of Technology,1
Business Value creation,1
Consumer technology,1
Technology Life Cycle,1
information system,1
public higher education institutions,1
SWOT analysis,1
Information technology outsourcing,1
Superordinate second-order construct,1
Bangladesh,1
Expert knowledge management,1
Hunch,1
Intuition,1
Revealed causal mapping,1
CIO appointment,1
stock market reaction,1
strategic positioning,1
Chief Financial Officer,1
Next generation,1
Risk management framework,1
|uYGAdsuslsG,1
Control Systems,1
Critical Infrastructure,1
Cyber Security Reference Architecture (CSRA),1
Defense-in-Depth,1
DiD,1
Machine Learning,1
ML,1
MOSAICS,1
Policy,1
RA,1
Reference Architecture,1
Zero Trust,1
ZT,1
Corporate Social Performance,1
Corporate Social Responsibility,1
Financial Resource,1
Innovative Culture,1
Labor Productivity,1
Business-IT strategic alignment process,1
CAS,1
Complex adaptive system,1
CIO profession,1
CIOs' role and tasks,1
Leavitt's model,1
remote working,1
work-from-home,1
Internationalization,1
Sustainable,1
Career Opportunities,1
Case Studies,1
contractors,1
Digital leaders,1
gender,1
strategy formulation,1
university,1
COVID-19 pandemic,1
Romania,1
Business informatics,1
Corporate performance management,1
Economics efficiency,1
Reference model,1
critical factors,1
ISO 38500,1
Bimodal,1
IT agile,1
IT lean,1
IT role,1
Organization dynamics,1
Share service,1
On-Demand,1
Executive turnover,1
Information security breach incidents,1
Big-Five,1
innovation for IT,1
personality traits,1
strategy,1
Technology readiness,1
Chief financial officer,1
Chief operating officer,1
Chief strategy officer,1
Chief technology officer,1
Strategic leadership,1
Online Product Businesses,1
Tobin’s q,1
Impact,1
Mechanisms,1
CIO characteristics,1
Structural capital,1
bibliometric analysis,1
main path analysis,1
research agenda,1
e-transformation in turkey,1
Perception survey,1
Statistical evaluation,1
Business-IT Alignment,1
COBIT,1
Effective Communication,1
IT Costs,1
Success Factors,1
Children's Education,1
Opportunities,1
Responses,1
Analytic network process (ANP),1
Control objectives for information and related technology (COBIT),1
IT roadmap,1
Technique for order of preference by similarity to ideal solution (TOPSIS),1
Hotels,1
Overcoming strategies,1
decision support,1
Decision Support System (DSS),1
Digital Business Pyramid,1
Enterprise Integration,1
data sharing,1
departmental collaboration,1
leadership ecosystem,1
local government data management,1
Bimodal IT,1
Dual IT structure,1
IT ambidexterity,1
Taxonomy,1
Change Agent,1
Change Agentry Model,1
Corporate,1
Tenure,1
Microsoft Power Platform,1
PowerApps,1
PowerAutomate,1
SharePoint,1
Competitive pressure,1
Digital investment,1
IT Innovation,1
Contingency theory,1
Process innovation capabilities,1
collaboration,1
consortium,1
enterprise resource planning,1
enterprise systems,1
"SMEs, TOE framework.",1
TOE framework.,1
It innovation,1
COVID reset,1
Emotional intelligence,1
IT skills,1
organizational citizenship behavior,1
soft skills,1
CIO competencies,1
IOT,1
Hierarchy-of-effects model (HOE),1
Information technology outsourcing (ITO),1
Directorate general of taxes,1
Tax return reporting,1
cognitive coordination,1
managerial games,1
metrics,1
performance measurement,1
shared cognition,1
transactive memory systems,1
trust,1
Leadership behaviour,1
Universities,1
data-driven leadership,1
industrial revolution,1
multiple directorships,1
creativity,1
fabrication,1
Khaldunian studies,1
Khaldunian text,1
Dilution effect,1
Internal audit,1
Judgment,1
Representativeness,1
Skeptical judgment,1
Skepticism,1
AI ethical,1
Awareness,1
Determinants and Consequence,1
Validation,1
Avoid Remote Project Management Mistakes,1
Building Strong Remote Teams,1
Change Management,1
Creating Good Remote Work Environments,1
Ethical Software Project,1
How to Build Good Remote Teams,1
How to Manage Expectations,1
How to Manage Remote Software Projects,1
Leadership Guide to Remote Software Project Management,1
Pragmatic Agile Leadership,1
Remote Agile Management,1
Too Mistakes in Managing Software Projects,1
Information technology Leadership,1
Information Technology Strategy,1
Organisational Culture,1
IT decision making and planning,1
Item refinement,1
DT,1
Digital Leaders,1
IT Function,1
AI and Big Data Adoption,1
Corporate Value,1
Digital Maturity,1
ESG Performance,1
Project Management,1
Smart Manufacturing,1
redundancy,1
signaling,1
Chief information office and higher education.,1
Ethnic imbalance,1
Gender imbalance,1
University administration,1
Green innovation,1
Data breach,1
Lawsuit,1
Malware,1
Target,1
Cloud computing adoption,1
Security concerns,1
Theory of planned behavior,1
CIO-Modelle,1
Deutsche Hochschulen und Universitäten,1
DFG,1
IT-Governance,1
multisourcing,1
sourcing decisions,1
sourcing outcomes,1
systematic literature review,1
top management teams,1
ABV,1
attention configuration,1
Chief Executive Officer,1
digital innovation,1
IT background,1
Artificial Intelligence (AI),1
Efficiency Impact,1
Public Service Delivery,1
BIS implementation challenges in small,1
BIS implementation in service industry,1
business intelligence solution implementation in start-ups,1
medium and large enterprises,1
sustainable growth,1
credentials,1
faculty,1
it faculty,1
it program leaders,1
"Jan Mendling, Brian T. Pentland, Jan Recker",1
process innovation capabilities,1
rework,1
system efficiency,1
system evaluation,1
system evaluation theory,1
systems,1
Cloud sourcing,1
IT development,1
IT maintenance,1
IT operations,1
Innovative Capability,1
employee turnover,1
federal IT workforce,1
organizational performance,1
organizational theory,1
Digital Security Governance,1
High Reliability Organizations,1
IS-security,1
Digital Transformation Responsibility,1
earnings management,1
Saudi Arabia,1
Cardholder data,1
Cardholder data environment,1
CDE,1
CHD,1
Encryption,1
MasterCard visa,1
Payment networks,1
Payments,1
PCI,1
PCI dream team,1
PCI DSS,1
ambidextrous leadership,1
cio strategic leadership,1
it-business alignment,1
knowledge integration.,1
Business leadership,1
Digital migration,1
Strategy development,1
Control,1
Profession,1
environmental turbulence,1
IT employees,1
organizational culture,1
CIO Role,1
IT Outsourcing,1
IT/IS Competences,1
IT/IS Function,1
IT/IS Organization,1
3d printing,1
additive manufacturing,1
am security,1
department of defense,1
dod,1
nist rmf,1
risk management framework,1
CDO role,1
Digital business transformation,1
Interpretive study,1
Profile,1
Prototype,1
data ecosystem,1
RDI-activities,1
universities of applied sciences,1
software development methodology,1
software engineering,1
software requirements,1
Software requirements management,1
Global software development,1
Software services,1
Bridging,1
Decoupling,1
Grafting,1
Institutional entrepreneurship,1
Logic of action,1
Organizational tensions,1
Entrepreneurial orientation,1
Saudi Arabian manufacturing firms,1
Strategic human resource management,1
Technology capability,1
Technology innovation,1
Information technology material weaknesses,1
SOX Section 404,1
Higher Education Institutional,1
IS Success Model,1
Agile Business,1
Consumerisation,1
Fuzzy set qualitative comparative analysis (fsQCA),1
TMT,1
Asset management,1
BIM,1
Data analysis,1
Collectivism,1
employee performance,1
ethical leadership,1
individualism,1
organizational citizenship behaviour,1
city,1
design methods,1
generalist,1
Intelligent,1
specialist,1
standards,1
Competency Framework,1
Core Competencies,1
Archi,1
ArchiMate,1
Enterprise Modeling,1
Recommender Systems,1
cyber-security,1
interviews,1
qualitative inquiry,1
Information Technology Leadership,1
Qualitative research,1
Digital Business Transformation,1
Digital Business Strategy,1
IT Alignment,1
Digital government strategy,1
Strategic value of IT,1
Composable enterprise,1
Enterprise business capability,1
Variable-scale data analysis,1
chief marketing officer,1
governance,1
marketing technology,1
social media strategy,1
Psychosocial characteristics,1
Global sourcing,1
human/computer interaction,1
IS management and governance,1
IS strategy and alignment,1
IT for competitive advantage,1
qualitative research,1
social and organisational impacts,1
Communication management,1
cloud,1
privacy,1
Analytical Hierarchy Process,1
Online Businesses,1
Strategic Alignment of IT and Businesses,1
change management,1
crosswalk,1
data validation,1
enterprise resource planning (ERP) systems,1
implementation,1
silo effect,1
Attack,1
Confidentiality,1
Cybercrime,1
Hospitality,1
Steganography,1
IT chargeback,1
IT–business strategic alignment,1
Ontologies,1
CIO Competencies,1
IT Professional,1
Social Representation Theory,1
Ambidextrous leadership,1
banking industry,1
digital transforming capabilities,1
organization culture,1
Business model innovation,1
Data analytics,1
IT metrics,1
insourcing,1
Asset security,1
Business continuity process,1
CISSP domains,1
CISSP Exam,1
CISSP Exam Prep,1
Disaster recovery,1
Security and Risk assessment,1
Security engineering,1
Security frameworks,1
Digital Innovation,1
Strategic Signal,1
Emergent leadership,1
Leadership development,1
Mentoring,1
Collaboration capability,1
Leadership capability,1
Supply chain resilience,1
Sustainable supply chain performance,1
Technologies,1
CIO Budgets,1
Government Growth,1
U.S. State Government,1
business acumen,1
emotional intelligence,1
practical intelligence,1
traditional management theory,1
E-Governance application,1
E-Government application,1
Performance analysis,1
Usability analysis,1
IS risk,1
Digital archives,1
Digital curation,1
Free and open-source software,1
Chief Information Security Officer,1
Power Dynamics,1
IT business value communication,1
IT business value measurement,1
Organizations,1
Operational capabilities,1
CAR,1
cost of data breach,1
Public disclosure,1
Clouds,1
Deployment,1
cloud adoption,1
operational capability,1
cities,1
survey,1
behavioral theory of the firm,1
performance aspiration,1
Influencers,1
Large Companies,1
Ranking,1
attributions,1
leadership behaviors,1
leadership meta-talk,1
romance of leadership,1
talking-doing gap,1
Fractional CIO,1
Interim management,1
Part-time management,1
Small businesses,1
Virtual CIO,1
Human resource development,1
Tourism,1
Business Performance,1
IT Governance Adoption,1
Online Stores,1
strategist CIO,1
Issue selling,1
curriculum,1
City,1
Municipality,1
Website,1
Innovation capability,1
R&D investment,1
Educational technology,1
CIO incentives,1
CISO (Chief Information Security Officer),1
ISMS (Information Security Management System),1
ISO (International Organization for Standardization),1
moderation effect analysis,1
multiple regression analysis,1
resource-based view (RBV),1
security management activities,1
CIO Roles,1
Demand-Side Roles,1
Information Intensity of the Value Chain,1
Role Configuration,1
Supply-Side Roles,1
CDO announcements,1
chief data officer,1
event study methodology,1
job overlap,1
shareholder value,1
democratisation,1
enterprise software,1
low-code,1
Top management commitment,1
User participation,1
breach disclosure,1
breach prevention,1
computer incident response team,1
cybersecurity breach,1
cybersecurity case,1
Information Security Management,1
Public Administration,1
Public Cloud,1
Security Audit,1
Visualization,1
Business value of accounting information systems,1
Technical debt,1
Financial metrics,1
continuous assessment,1
design science research,1
Firm Value,1
Human Capital,1
IT Corporate Governance,1
IT-Intensity,1
Relational Capital,1
Cloud storage,1
Records disposal,1
competency,1
digital era,1
risk,1
Information technology control weaknesses (ITCWs),1
Internal controls,1
Sarbanes-Oxley,1
Blended learning,1
Engineering education,1
Interdisciplinarity,1
managerial skills,1
training of cios,1
university cios,1
university digital strategy,1
Chief Diversity Officer (CDO),1
DEI in higher education,1
Higher education change,1
Leading transformation,1
Organization development and change,1
Strategic diversity leadership,1
Transformational change,1
Transformational leadership capabilities,1
Transformational leadership practices,1
Transformational leadership styles,1
Agile methodology,1
Work plan,1
Cyber security,1
Hospitality industry,1
Information security,1
Enterprise systems assimilation,1
Strategic business knowledge,1
Strategic IT knowledge,1
Structural power,1
CEO optimism,1
chief executive officer,1
language style matching,1
technological innovation value,1
Best practices Higher education institutions baseline Implementation Information technology governance Mechanisms,1
Transition CIO,1
industry IT intensity,1
market turbulence,1
operating efficiency,1
classroom design,1
digital divide,1
educational technology,1
applications,1
healthcare,1
opportunities,1
IT workforce,1
Enterprise software selection,1
Organizational buying behaviour,1
Corporate Green investment,1
Resource endowment,1
Supply chain,1
Adoption of IR 4.0 Technologies,1
Board Characteristics,1
Firm Innovation,1
Operating Cash Flows,1
Resource Dependence Theory,1
Cyber threats,1
Large businesses,1
Security technologies,1
Small and medium businesses,1
cooperation,1
interdependence,1
Ecosystem,1
Legal view of agency theory,1
Organizational Innovation,1
Qualitative Comparative Analysis (QCA),1
Cybersecurity breach,1
Spillover uncertainty,1
Trading volume,1
Chief Marketing Officer,1
Executive power,1
Managerial power,1
Infrastructure Security,1
Risk Management,1
Secured Business,1
Secured Business Model,1
Secured Operations,1
Secured Operations Model,1
Security Business Drivers,1
Security Management,1
Security Services,1
CDIO,1
functional TMT members,1
Benchmark,1
Complementary approach,1
Goal-orientation,1
Simulation,1
"appointment, CIO",1
"chief digital officer, CDO",1
expert power,1
"new position, succession",1
prestige power,1
signaling theory,1
employee gender,1
internalization,1
leadership style,1
security compliance,1
stereotype,1
agency theory,1
board monitoring,1
CEO duality,1
CIO presence,1
School’s IT environment,1
Complexity science,1
IT human resource,1
IT unit,1
It-embedded product innovation,1
Information Technology Infrastructure,1
Knowledge Management (KM),1
Leadership Style (Path Goal Theory),1
Character,1
Employee gender,1
Glass ceiling,1
Internalization,1
IT security compliance,1
Stereotype,1
Sticky floors,1
Factors determining quality,1
ISO/IEC 25000,1
ISO/IEC 9126,1
Software quality,1
CIO business focus,1
CIO C-level access,1
CIO C-suite access,1
Executive,1
Reporting line,1
Reporting relationship,1
fractional CIO,1
small businesses,1
CIO Role Effectiveness,1
cultural dimension,1
Open government,1
Participation,1
State governments,1
Transparency,1
Theory of punctuated equilibria,1
Transformation,1
Typology,1
Information Officer (Xin Xi Guan,1
Public CIO,1
Xin Xi Zhu Guan),1
Economic downturn,1
Strikes,1
Trade unions,1
Employee's attitude,1
Job satisfaction,1
Leadership program,1
Executive relationships,1
Collective effort model,1
Project teams,1
Social loafing,1
Accounting,1
Information technology governance,1
Sarbanes Oxley Act,1
Cities,1
Facebook,1
Mixed research,1
Smart,1
Twitter,1
Alternative Dispute Resolution,1
Consumer Protection,1
Credit Score,1
Data Protection,1
Identity Theft,1
institutionalization,1
readiness assessment,1
CRUDi,1
Decision support,1
Framework,1
BPR,1
ERP failures,1
ERP issues,1
India,1
SAP,1
"Systems, analysis and products",1
EIS,1
Accommodation businesses,1
Causal model,1
Q for tourist quality,1
Quality management,1
Social impact results,1
Information quality,1
IT quality management,1
Management Information Systems,1
Service quality,1
Crisis,1
Japan,1
C-suite technology plans,1
Collaboration attributes,1
Corporate openness,1
Customer data,1
Customer engagement,1
Customer individualization,1
Customer relationships,1
Innovation partnerships,1
Technology future,1
Artifacts,1
Complexity Science,1
Design Patterns,1
Design Science Methodology,1
CIO compensations,1
CIO power,1
institutional isomorphism,1
resource-based theory,1
Commitment,1
Influence behavior,1
Peer,1
Data growth,1
Information artifact,1
Information life cycle management,1
Information risk,1
corporate innovation,1
risk appetite,1
top management team (TMT),1
e-business,1
IT competence IT value,1
Cio competencies,1
IT professional,1
Social representation theory,1
Business Owner,1
Current Awareness,1
Hair Salon,1
Page View,1
business capabilities,1
SCOR,1
supply chain management,1
IT decision-making,1
Political skill,1
IT portfolio management,1
Cultural dimensions,1
Political behavior,1
Political strategies and culture model,1
System development life cycle,1
Health information technology (HIT),1
Information technology (IT) manager,1
Critical capability,1
IT CMF,1
IT risks,1
Information Systems Outsourcing,1
Cognitive diversity,1
Problem solving,1
IT expectation,1
Collaborative management,1
IS governance,1
Boards of Directors,1
Malaysia,1
Information system function,1
Information system management,1
Tool for chief information officer,1
eGovernment strategy,1
Quality public services,1
Kaplan-Meier estimator,1
Non-parametric estimation,1
Parametric survival model,1
Proportional hazards model,1
Armed Conflict,1
Host Country,1
Humanitarian Relief,1
Requisite Variety,1
Minority student,1
parental involvement,1
STEM pipeline,1
Learning management systems,1
Predictive modelling,1
Dynamic environment,1
IS function performance,1
Strategic innovation,1
Competing values,1
Focused interviews,1
Data life-cycle management,1
Data quality management,1
IBM,1
Information integration,1
Matched-pair questionnaire surveys,1
business value of IT,1
business-IT alignment,1
information systems alignment,1
operational alignment,1
Job characteristics theory,1
Modelling,1
Enrollment,1
Citizen-Centered Approach,1
Functional-Centric Approach,1
Information,1
Political Participation,1
Transaction,1
Two-Way Communication,1
Boards of directors,1
Ireland,1
IT Сompetence,1
Classification,1
Comparison,1
SISP methodology,1
Digital libraries,1
Individual behaviour,1
Demand for integration,1
Interdependence,1
Indicators,1
Measurement,1
education,1
experience,1
evaluation framework,1
repertory grid technique,1
strategic information systems,1
Environmental Determinism,1
IT Investment Strategy,1
Managerial Processes,1
Strategic Choice,1
Executive programs,1
Master's programs,1
Professional education,1
Chief Executive Officer (CEO),1
Chief Operating Officer (COO),1
information technology (IT),1
politics,1
transaction cost theory,1
upper echelon theory,1
Abnormal stock returns,1
Cash flows from operations,1
Chief executive officer (CEO),1
Chief financial officer (CFO),1
Cost leadership,1
Porter's generic strategies,1
Product/service differentiation,1
Strategic positioning,1
Funding,1
Intergovernmental,1
IT planning,1
Executive integration,1
Leader socialization,1
New appointment,1
Taking charge,1
Transition,1
Annual reports,1
Firms listed on the stock exchange,1
Business value of IT,1
Cost efficiency,1
Principal-agent model,1
Theory of political control,1
U.S. state government,1
Mobile Government,1
Stakeholder Analysis,1
Organizational innovation,1
CIO's role,1
Eco-efficient information,1
Role of the CIO,1
Board Level,1
Customer Relationship Manager,1
Tactical Planning,1
Information asymmetry,1
Leadership effectiveness,1
Stakeholder theory,1
Public cloud computing,1
State information technology departments,1
Strategic posture,1
Competitive advantages,1
IS resources,1
Business process management (BPM),1
Social networking,1
Software as a service (SAAS),1
Teaching case,1
IT performance,1
Value adding,1
Course design projects,1
Entrepreneurial models,1
Organizing design teams,1
Iceland,1
Innovative usage of information systems,1
Operational role effectiveness,1
Strategic IS vision,1
Strategic role effectiveness,1
Application landscape,1
Metrics,1
Cognitive frames,1
Personality inventories,1
CIO Role expectationsinstrument,1
Configuration of CIO Roles,1
Duality of CIO Roles,1
Developing countries,1
Enabling elements,1
eParticipation,1
Inhibiting elements,1
Smart cities,1
Information systems security management,1
Key issues,1
Local government information systems security,1
E-waste,1
Energy,1
Environmental Footprint,1
Green Technology,1
Information Technoloogy,1
AHP,1
Analytic hierarchy process,1
Cloud selection,1
IT stakeholder management,1
IT strategic decisions,1
Customer value,1
Innovative business orientation,1
Innovative IS strategy,1
Organizational climate,1
Case-based learning,1
Information systems curriculum,1
IS curriculum development,1
IS management education,1
Continuous innovation,1
Industry effects on IT adoption,1
Organisational capital,1
Sustainable competitive advantage,1
community,1
Github,1
Microsoft,1
social networking,1
Stack Exchange,1
TopCoder,1
Corporate Entrepreneurship,1
Network Effect,1
Open Innovation,1
Event history methods,1
Kaplan-meier estimator,1
Proximity analysis,1
Business Strategy,1
competitive advantage Information Technology (IT) strategy,1
Wiki,1
Attention based view,1
Complementarities,1
IT-enabled innovation,1
Strategic focus,1
Local e-government,1
Municipal CIO,1
Online surveys,1
Manager,1
Role,1
Institutions of higher education,1
Open Source software,1
CEO-CIO roles,1
Core IT capabilities,1
IT and business alignment,1
IT structure and governance,1
Managing business transformation,1
Banking platforms,1
MandA,1
Strategic management of information system,1
intention to stay,1
transformational and transactional leadership,1
Decision support requirements,1
Information behavior,1
Methodology,1
Senior executives,1
Process categorization,1
Process prioritization,1
Liberal arts education,1
Program assessment,1
Service-learning pedagogy,1
C-suite executives,1
Environmental turbulence,1
Executive teams,1
Kaplan-Meier curves,1
Survival analysis,1
Careers,1
Computing majors,1
Employment,1
Job skills,1
Financial performance,1
Information technology infrastructure,1
Bayesian multivariate probit,1
Customer relationship management,1
e-Buy,1
Electronic resources,1
Information system adoption,1
Korea,1
On-line services,1
Development Assistance,1
Emergent Strategy,1
National Development Strategy,1
Program Preparation,1
Hofstede's Cultural Dimensions,1
Information Systems Planning Effectiveness,1
PLS-Graph 3.0,1
Market orientation,1
Survey research volume,1
Model,1
Abandonment,1
Institutionalization,1
Design Pattern,1
Design Science,1
IT Management Framework,1
Public sector CIO,1
Distributed computing,1
Mobile computing,1
Modeling and simulation,1
Service oriented architecture,1
Web services,1
Breakthrough,1
Ubiquity,1
Senior manager,1
Skills and activities,1
Skills set,1
Not-for-profit,1
information management,1
value-added services,1
Business Alignment of IT,1
IT Operating Model,1
IT Operations,1
Cross-cultural studies,1
E-service,1
National culture,1
TOE,1
Business performance,1
Modularity,1
Outsourcing success,1
Industry training,1
National transition strategy,1
W3C WCAG 2.0,1
Web accessibility,1
Clinical Information Systems,1
Greek Hospitals,1
IT Adoption,1
IT Sophistication,1
Resistance to information systems,1
manager,1
Chief information officer roles,1
Professional profiles,1
Requirements,1
Soft skills,1
CIO role and responsibilities,1
Swedish Multinational Corporations,1
Due diligence,1
merger or acquisition,1
planning,1
time frame,1
IS professionals,1
Motive talk,1
Speech act theory,1
Sweden,1
Career opportunities,1
Case studies,1
Emotional iitelligence,1
Quality of work-life,1
Requisite skills,1
IT Competences,1
IT practitioners,1
It skills,1
IT training,1
careers,1
compensation,1
cultural intelligence,1
gamification,1
job,1
polyspecialist skills,1
profession,1
professionals,1
roles,1
Information Asset Management,1
Information asset management capability,1
Information assets,1
BI,1
SCM,1
Systems,1
Workflow,1
IT project,1
Public,1
Saudi,1
Current e-business practices,1
Electronic business,1
Electronic content management,1
Free and open source software,1
Government departments,1
Positioning,1
Public service,1
Strategic role,1
Importance-performance analysis,1
IT governance balanced scorecard,1
Thai universities,1
Individual performance,1
Personal Productivity,1
System Integration,1
Electronic government,1
Ontology,1
Green ITS,1
IT executive role,1
IT-business relationships,1
Industry,1
Organisation,1
Educational IT leadership,1
Focus groups,1
IT education management,1
R&D productivity,1
data models,1
disaster management,1
disaster response,1
humanitarian assistance,1
interoperable information,1
National Information Exchange Model,1
NIEM,1
project planning,1
Benchmarking scale,1
City agencies,1
Stage model,1
Information and Communication Technology,1
Regional Economic Growth,1
Total Factor Productivity,1
Two-step System GMM,1
Service oriented architecture (SOA),1
Data center,1
Distribute file system,1
Hadoop distribute file system,1
on-demand,1
Chief Information Offices (CIO),1
Developed Country,1
Developing Country,1
Government Chief Information Offices (GCIO),1
BI assimilation,1
BI business value,1
Shared knowledge,1
Strategic IT alignment,1
IT Value Hierarchy,1
Maturity Model,1
Strategic Use of IT,1
Sarbanes Oxley (SOX) Act,1
Business innovation,1
Lifelong Learning,1
Lifelong Learning Strategy,1
Talent Pool,1
Voice Over Internet Protocol,1
Goal congruence,1
Integrative leadership,1
Supply chain implementation,1
Synergistic information flow,1
Human Resource Strategy,1
Information Infrastructure,1
Information Society,1
Knowledge Economy,1
Italy,1
municipalities,1
on line service delivery,1
Contract,1
IS outsourcing,1
Relationship,1
Grounded Theory,1
Interview Protocol,1
Long Interview Technique,1
Narrative Inquiry,1
IT process improvement,1
Risk analysis,1
System monitoring,1
decision support requirements,1
design science,1
information behaviors,1
methodology,1
senior executives,1
GCIO function,1
Information technology leadership,1
Case study method,1
Context,1
Role effectiveness,1
Decentralization in management,1
Enterprise Resource Planning (ERP),1
Multi-divisional ERP implementation,1
Distance education and telelearning,1
Distributed learning environments,1
Evaluation of CAL systems,1
Interactive learning environments,1
Postsecondary education,1
Back-office information system,1
Electronic government (EGov.),1
Ministry of Finance (MOF),1
Shared service center (SSC),1
BCP (business continuity planning),1
Disaster management and CIO core competence,1
GCIO (government chief information officer),1
ISV,1
IT/IS,1
Lemon market theory,1
access control,1
asset protection,1
automation,1
change control,1
connection protection,1
continuous diagnostics and mitigation,1
continuous monitoring,1
ground segment ground system,1
incident handling,1
information assurance,1
information security leadership,1
information technology leadership,1
infrastructure protection,1
IT security metrics,1
least privilege,1
logical security,1
mission assurance,1
mission operations,1
mission operations center,1
NASA,1
network security,1
personnel screening,1
physical security,1
policies and procedures,1
scheduling restrictions,1
security controls,1
security hardening,1
software updates,1
system cloning and software licenses,1
system security,1
system security life cycle,1
unauthorized change detection,1
unauthorized change deterrence,1
unauthorized change prevention,1
Decision process,1
Information systems strategy,1
Propensity,1
Risk behavior,1
Competence,1
Performance,1
Embeddedness,1
Framework validation,1
Information system continuity management,1
Management support,1
leadership roles,1
service delivery,1
technology outlook/trends,1
Delphi study,1
procurement of information systems,1
Public procurement,1
Government Chief Information Officer Function,1
Human capacity framework,1
ICT training leaders,1
Capabilities,1
ICT investment,1
Electronic Medical Records,1
Financial Performance,1
Health Care,1
Functional responsibilities,1
Labor-intensive industries,1
Role conflicts,1
Role synergies,1
Chief Information Officer competencies,1
computer security scorecard,1
Federal Information of Security Management Act,1
IT security performance,1
U.S. federal government agencies,1
Public sector of Russian federation,1
Sanctions,1
Software and hardware import substitution,1
career paths,1
Irish telecommunications software,1
motivation,1
CIO's implication,1
IT security manager,1
Gender leadership,1
Higher education gender,1
It gender,1
Women in higher education,1
Women in information technology,1
Women in leadership,1
Women professional development,1
Service-oriented architecture (SOA),1
Geographic Information Systems,1
Private Partnership,1
Service Delivery,1
Development,1
Diverse workforce,1
HR practices,1
Human resource (HR) management,1
Recruiting,1
Retention,1
Stress,1
Success stories,1
Improvisational capabilities,1
Multi-year analysis,1
Organizational information processing theory,1
Economic benefits,1
Green-computing,1
Knowledge society,1
Network externalities,1
Synergism,1
Virtualization,1
CIOs in higher education,1
IT management higher education,1
Chief executives,1
Systems and management,1
Knowledge integration,1
Organizational aspects,1
Resource allocation,1
D&M IS success model,1
Implemention success model,1
UTAUT,1
Corporate unbundling,1
Strategic alignment of information technology,1
Value chain deconstruction,1
Quality performance,1
Citizens,1
ICT-business alignment,1
cognitive social capital,1
financial performance,1
relational social capital,1
structural social capital,1
CIO pay,1
International financial reporting standards,1
Regulatory reporting reform,1
Chief Information Officer (CIO) Role,1
CIO's job title,1
CIO's reporting structure,1
Contingency approach to leadership,1
Organisational strategic IT vision,1
CIO leadership,1
Dynamic business environments,1
Ethnographic research method,1
IT organizational flexibility,1
Socio-technical systems,1
Uncertainty,1
CEO perceptions,1
Government Chief Information Officer,1
The Netherlands,1
Energy savings in corporate IT,1
Power management,1
Wake on LAN,1
IS/IT perceptions gap,1
IT stereotype,1
IT/business relationships,1
IT/IS management,1
Curriculum,1
Dissertation research,1
Doctoral program,1
Information technology education,1
Outcomes assessment,1
ESCI,1
Executive IT leaders,1
Senior IT leadership,1
Technology competencies,1
Career path,1
Career planning,1
Mentor,1
University,1
Capital Planning and Investment Control (CPIC),1
Federal Information Security Management Act (FISMA),1
Health Insurance Portability and Accountability Act (HIPAA),1
Information Security (InfoSec),1
Return on Investment (ROI),1
Recommendations,1
Strategic advantage,1
IT leadership profile,1
Role and place of customer in IT,1
The effectiveness of IT projects,1
The evolution of roles in IT,1
Disaster Recovery Planning,1
Fuzzy Cognitive Maps,1
Monitoring,1
Scenario Analysis,1
Eco-sustainability,1
G-readiness,1
Readiness,1
CIO activities,1
CIO skills,1
CIO responsibilities,1
CIO's competence,1
Knowledge based view,1
Resource based view,1
Chief Information officer,1
Help Desk,1
Reorg,1
Reorganization,1
Service Desk,1
Government chief information officer,1
Competitive impacts of IT,1
Questionnaire surveys,1
Geospatial sciences,1
GIS,1
History,1
U.S Department of Energy,1
Brazilian CIO,1
CIO Professional Profile,1
IT Human Resources,1
IT Professionals’ Career,1
Interactionism,1
Role identity,1
Intellectual Capital,1
Organizational Support,1
BTM capability,1
IT assimilation,1
Sarbanes oxley (SOX) act,1
Environmental sustainability,1
Green it,1
Certainty equivalent,1
Expected value,1
Net present value,1
Process measure,1
Process modeling,1
Value-based business process management,1
Variance,1
IT awareness,1
IT intensity,1
Activity competency model,1
Competency development,1
Role performance,1
Selection,1
Enterprise Architecture(EA),1
IT ROI,1
Goals,1
Success,1
NADRA1.INTRODUCTION,1
Pakistan,1
Architecture Management,1
Business Model,1
Project Portfolio,1
IS contribution,1
uncertain environment,1
E-business,1
Information system capability,1
Information technology strategy implementation,1
Strategic enterprise planning,1
CIO competences,1
ICT management,1
ICT skills,1
Knowledge profile,1
And case study,1
IS failure,1
Process inquiry,1
Emerging technologies,1
Health care,1
Health insurance portability and accountability act (HIPAA),1
Group IT controlling,1
IT/IS evaluation,1
IT/IS governance instruments,1
IT/IS performance measurement,1
Archives,1
Email,1
Email management,1
exploitation,1
exploration,1
IT functional impact,1
staged maturity model,1
strategic value of IT,1
structural equation modeling,1
survey research,1
Assessment method,1
Business,1
SACM,1
SAMM,1
Brand architecture,1
E-commerce,1
IT structure,1
best medical practices,1
lesbian leaders,1
lesbian support systems,1
lesbians and medical treatment,1
lesbians coping with illness,1
lesbians fighting disease and disability,1
Mills College,1
ovarian cancer,1
Vivian Stephenson,1
Mobile work,1
Mobile workforce,1
Socio-technical perspective,1
Supervisor/subordinate relations,1
Balanced scorecard,1
Communications technologies,1
Alignment mechanisms,1
Knowledge-based view of organizations,1
business process improvement,1
demonstration,1
industry experience,1
process categorization,1
process prioritization,1
strategic decision making,1
Behavioral observation,1
Determinants of CIO effectiveness,1
Video-coding,1
CIO capabilities,1
Long term performance,1
Career Roles,1
IT Careers,1
IT Roles,1
Role Transitions,1
Characteristics,1
Leadership theory,1
Styles,1
DIS,1
FISMA,1
HLA,1
IA,1
SOA,1
TENA,1
Chinese Firm,1
Foreign Direct Investment,1
Documentation,1
Domain knowledge,1
Organizational learning,1
Pattern language,1
Systems life cycle process,1
Greece,1
User studies,1
CIO (chief information officer),1
CIO Core Competencies,1
Hard ICT,1
Information and communication technologies (ICT),1
Innovation drivers,1
Soft ICT,1
IS/IT,1
Ministerial computer departments,1
Turkey,1
Business Intelligence,1
Information Domain,1
Information Productivity,1
IT transformation,1
Key success factors,1
GCIO education,1
GCIO training,1
Information technology (IT) leadership,1
Wikinomics,1
Core activities,1
Infrastructure activities,1
Intrusion detection system,1
Mobile agent,1
Continuing education,1
IT consultant,1
Maturity models,1
Software tool,1
Business and IT perspectives,1
Use,1
User,1
Agility,1
Implementation processes,1
alignment,1
cross-domain,1
intellectual,1
IT-business strategic alignment,1
operational,1
Chief knowledge officer,1
Executive knowledge leadership,1
Knowledge management implementation,1
E-governance E-government innovation,1
Green ITS (Intelligent Transport System),1
Transactive memory system,1
Information communications technology,1
Executive derailment,1
Business strategy alignment,1
Chief information officer characteristics,1
Personality,1
Partnership,1
Taiwan,1
Information technologies,1
Distance education,1
Hiring practices,1
It managers,1
Online degrees,1
Basic Law on the Formation of an Advanced Information and Telecommunications Network Society (ICT Basic Law),1
E-Japan Priority Policy Program,1
E-Japan Strategy,1
Kasumigaseki WAN,1
Master Plan for Promoting GovernmentWide Use of ICT,1
Ministerial Chief Information Officers Council (CIO Council),1
Program for Building E-Government,1
Strategic Headquarters for the Promotion of an Advanced Information and Telecommunications Network Society (ICT Strategy Headquarters),1
Managerial discretion,1
Power and politics,1
Servey research,1
Strategic decision making,1
Championing IT,1
IT Competence,1
IT Experience,1
IT Knowledge,1
Measuring IT Competence,1
Management of information technology,1
Cross-impact analysis,1
Environmental pressures,1
Creative climate,1
Creativity,1
Creativity in information systems,1
Creativity techniques,1
Managers,1
Distance learning,1
multimedia,1
video,1
Customer participation,1
Customization,1
IT product,1
Morphological approach,1
Product differentiation,1
Strategic planning level,1
Chief information officer recruitment,1
Knowledge representation,1
Qualitative simulation,1
System modeling,1
Established leaders,1
IS/IT executives,1
IS/IT leadership,1
New leaders,1
CASE technology adaptation,1
managerial maturity,1
strategy oriented IS management,1
Change agent,1
Cio and it roles,1
Planning process,1
Process model,1
KM practices,1
KM practitioners,1
success,1
US federal,1
Information technology impact,1
Supply chain management,1
Value of information technology,1
Centralisation,1
Autonomous learning,1
Benchmarking,1
Induced learning,1
IT usage,1
Learning,1
Post-implementation,1
coordination mechanisms,1
event sequence analysis,1
federated governance,1
Influence tactics,1
Influence behaviors,1
Modified theory of vocational choice,1
Socialization,1
Technical backgrounds,1
Corporate leadership,1
Development of technology management strategies,1
Global issues in technology management,1
Strategic issues in technology management,1
TMT decision-making,1
Top management team (TMT) composition and dynamics,1
Career anchor,1
Tacit knowledge,1
Theory of work experience,1
Information systems infrastructure,1
Senior IT management,1
Asset,1
Inquiry,1
Interview,1
Safeguard,1
Threat,1
Vulnerability,1
Social capital,1
Enterprise risk management,1
Interorganisational systems,1
Sarbanes-Oxley Act,1
Upper Echelon Theory,1
Group Theory,1
Narrative inquiry,1
Personal Construct Theory,1
Qualitative,1
Repertory Grids,1
Compensation,1
Industry membership,1
Application portfolio management,1
Information capital readiness,1
IT department,1
Information services,1
Organizational restructuring,1
Explicit and tacit knowledge,1
Information technology competence,1
Information-technology management,1
Competitiveness,1
Computerization,1
Informatization,1
Mobile communication systems,1
Face,1
Financial management,1
Human resource management,1
Instruments,1
Technology management,1
IT success,1
Access control,1
Authentication,1
Computer crime,1
Computer viruses,1
Hacking,1
IS case study,1
IS problems,1
IS project risk management,1
IS security risks,1
Office to future,1
Opportunities threats analysis,1
Security management,1
Multi-task operation,1
Strategy implementation,1
IS strategy and organization,1
Roles and skills in strategic management,1
Business risks,1
Complementarity,1
Control theory,1
ERP implementation,1
Fundamental Interpersonal Relationship Orientation-Behaviour (FIRO-B),1
IT/business relationship,1
Myers-Briggs Type Indicator (MBTI),1
Contract pricing,1
Data explosion,1
Productivity improvement,1
Reuse,1
Plan authorship,1
Role descriptions,1
Strategic information systems plans,1
Influence influence behaviors,1
Executives,1
Information systems technologies,1
Key Issues,1
Strategy and Trends,1
Corporate roles and relationships,1
Structured observation,1
Business value of information technology,1
Discriminant analysis,1
Information systems productivity,1
Information systems variables,1
Management productivity,1
knowledge exchange,1
relational similarity,1
IT Assimilation,1
IT Vision,1
Senior Leadership,1
Interprofessional relations,1
Personality traits,1
Chief information officer (CIO) capability,1
CIO role effectiveness,1
CIO-top management team (TMT) engagements,1
Healthcare industry,1
Partial least squares,1
Project planning,1
and Quality,1
Information Systems Success,1
Organizational Leadership,1
Information technology alignment,1
Information technology objectives,1
Information technology success factors,1
Diffusion,1
Radio frequency identification,1
Real-time enterprise,1
RFTD vision,1
Information technology personnel,1
IS implementation,1
IS evaluation,1
Mobile business,1
Pervasive systems,1
Strategic fit,1
Brand Architecture,1
E-Commerce,1
IT Structure,1
Clinger-Cohen act,1
Information resources management,1
U.S. Government administrative agencies,1
electronic commerce,1
Intrapreneurship,1
Corporate information planning,1
Data administration,1
Data resource management,1
Database administration,1
Database management,1
Information policy,1
Management of information systems,1
MIS management,1
MIS planning,1
Decision making support,1
Action learning,1
Change strategy,1
Development of managerial competence,1
CEO satisfaction with IS,1
CIO perceptions of corporate use of IS,1
Information technology in the motor carrier industry,1
Relationship between CEO and CIO,1
Role of information technology in strategic planning,1
Satisfaction with information systems,1
Codification,1
Ethnography,1
Organizational change,1
Qualitative methods,1
Redesign,1
Executive responsibilities,1
Business practice,1
Business process,1
Executive sponsorship,1
IT education,1
Organizational Impact,1
Application software,1
Environmental pressure,1
Factors,1
Information Systems/Technology (IS/IT),1
Critical path analysis,1
Security products,1
IS project failures,1
Construct dimensions,1
Construct measurement,1
"Information technology infrastructure, ITI",1
Channel richness,1
Strategic grid,1
Information system managerial roles,1
Information system maturity,1
Information system middle managers,1
Information system personnel,1
Convergence,1
Service delivery,1
Technology outlook/trends,1
Impacts,1
Insurance,1
Organisational change,1
Value change,1
Analogy,1
Metaphors,1
Mintzberg,1
Centralization/ decentralization,1
Directors,1
Resource-based view of firms,1
Switching cost,1
CIO position announcements,1
External hires,1
IT-driven transformation,1
Organization innovation,1
Information strategy,1
Service management,1
It security,1
IT-capabilities,1
IT-leadership,1
Coaching,1
Management development,1
Academic administration IS,1
Enterprise IS,1
Information system implementation,1
Knowledge exchange,1
Resource-Based View,1
Strategic Planning,1
Upgrade projects,1
Peer influence,1
BPR projects,1
CBIS,1
Cultural and environmental pressures,1
Successful implementation,1
curriculum design,1
Organizational factors,1
Strategy issues,1
Enterprise architecture frameworks,1
Campus publication,1
Customer service,1
Help desk,1
J2EE,1
Java,1
News services,1
Newsletter,1
Open-source,1
Rensselaer polytechnic institute,1
RPI,1
The Kiosk,1
Web application,1
Web site,1
Business process improvement (BPI),1
CEO-CIO distance,1
IT infrastructure capabilities (ITC),1
